{"batch/loss": 0.7407947778701782, "batch/accuracy": 0.825067937374115, "batch/batch_step": 395, "batch/learning_rate": 0.009999999776482582, "_timestamp": 1673933993.7676826, "_runtime": 25.380186557769775, "_step": 87, "epoch/loss": 0.740241527557373, "epoch/accuracy": 0.824999988079071, "epoch/val_loss": 0.6965487003326416, "epoch/val_accuracy": 0.828000009059906, "epoch/epoch": 7, "epoch/learning_rate": 0.009999999776482582, "_wandb": {"runtime": 25}}